Clean_Country,Country Code,Indicator Name,Indicator Code,Year,Value
Egypt,EGY,Access to electricity (% of population),EG.ELC.ACCS.ZS,2000,97.7
Ethiopia,ETH,Access to electricity (% of population),EG.ELC.ACCS.ZS,2000,12.7
Ghana,GHA,Access to electricity (% of population),EG.ELC.ACCS.ZS,2000,43.7
Kenya,KEN,Access to electricity (% of population),EG.ELC.ACCS.ZS,2000,15.2
Morocco,MAR,Access to electricity (% of population),EG.ELC.ACCS.ZS,2000,69.8
Nigeria,NGA,Access to electricity (% of population),EG.ELC.ACCS.ZS,2000,43.2
Rwanda,RWA,Access to electricity (% of population),EG.ELC.ACCS.ZS,2000,6.2
Tanzania,TZA,Access to electricity (% of population),EG.ELC.ACCS.ZS,2000,8.7
Uganda,UGA,Access to electricity (% of population),EG.ELC.ACCS.ZS,2000,7.4
South Africa,ZAF,Access to electricity (% of population),EG.ELC.ACCS.ZS,2000,72.4
Egypt,EGY,Access to electricity (% of population),EG.ELC.ACCS.ZS,2001,97.4
Ethiopia,ETH,Access to electricity (% of population),EG.ELC.ACCS.ZS,2001,10.2
Ghana,GHA,Access to electricity (% of population),EG.ELC.ACCS.ZS,2001,44.8
Kenya,KEN,Access to electricity (% of population),EG.ELC.ACCS.ZS,2001,17.0
Morocco,MAR,Access to electricity (% of population),EG.ELC.ACCS.ZS,2001,71.6
Nigeria,NGA,Access to electricity (% of population),EG.ELC.ACCS.ZS,2001,43.9
Rwanda,RWA,Access to electricity (% of population),EG.ELC.ACCS.ZS,2001,4.7
Tanzania,TZA,Access to electricity (% of population),EG.ELC.ACCS.ZS,2001,9.7
Uganda,UGA,Access to electricity (% of population),EG.ELC.ACCS.ZS,2001,8.6
South Africa,ZAF,Access to electricity (% of population),EG.ELC.ACCS.ZS,2001,70.2
Egypt,EGY,Access to electricity (% of population),EG.ELC.ACCS.ZS,2002,97.5
Ethiopia,ETH,Access to electricity (% of population),EG.ELC.ACCS.ZS,2002,11.9
Ghana,GHA,Access to electricity (% of population),EG.ELC.ACCS.ZS,2002,46.8
Kenya,KEN,Access to electricity (% of population),EG.ELC.ACCS.ZS,2002,18.9
Morocco,MAR,Access to electricity (% of population),EG.ELC.ACCS.ZS,2002,73.3
Nigeria,NGA,Access to electricity (% of population),EG.ELC.ACCS.ZS,2002,44.6
Rwanda,RWA,Access to electricity (% of population),EG.ELC.ACCS.ZS,2002,6.0
Tanzania,TZA,Access to electricity (% of population),EG.ELC.ACCS.ZS,2002,10.7
Uganda,UGA,Access to electricity (% of population),EG.ELC.ACCS.ZS,2002,7.8
South Africa,ZAF,Access to electricity (% of population),EG.ELC.ACCS.ZS,2002,76.7
Egypt,EGY,Access to electricity (% of population),EG.ELC.ACCS.ZS,2003,98.8
Ethiopia,ETH,Access to electricity (% of population),EG.ELC.ACCS.ZS,2003,13.5
Ghana,GHA,Access to electricity (% of population),EG.ELC.ACCS.ZS,2003,48.3
Kenya,KEN,Access to electricity (% of population),EG.ELC.ACCS.ZS,2003,16.0
Morocco,MAR,Access to electricity (% of population),EG.ELC.ACCS.ZS,2003,75.1
Nigeria,NGA,Access to electricity (% of population),EG.ELC.ACCS.ZS,2003,52.2
Rwanda,RWA,Access to electricity (% of population),EG.ELC.ACCS.ZS,2003,7.4
Tanzania,TZA,Access to electricity (% of population),EG.ELC.ACCS.ZS,2003,11.1
Uganda,UGA,Access to electricity (% of population),EG.ELC.ACCS.ZS,2003,10.5
South Africa,ZAF,Access to electricity (% of population),EG.ELC.ACCS.ZS,2003,78.8
Egypt,EGY,Access to electricity (% of population),EG.ELC.ACCS.ZS,2004,97.8
Ethiopia,ETH,Access to electricity (% of population),EG.ELC.ACCS.ZS,2004,15.2
Ghana,GHA,Access to electricity (% of population),EG.ELC.ACCS.ZS,2004,50.8
Kenya,KEN,Access to electricity (% of population),EG.ELC.ACCS.ZS,2004,22.6
Morocco,MAR,Access to electricity (% of population),EG.ELC.ACCS.ZS,2004,78.2
Nigeria,NGA,Access to electricity (% of population),EG.ELC.ACCS.ZS,2004,46.1
Rwanda,RWA,Access to electricity (% of population),EG.ELC.ACCS.ZS,2004,8.7
Tanzania,TZA,Access to electricity (% of population),EG.ELC.ACCS.ZS,2004,11.4
Uganda,UGA,Access to electricity (% of population),EG.ELC.ACCS.ZS,2004,11.6
South Africa,ZAF,Access to electricity (% of population),EG.ELC.ACCS.ZS,2004,80.6
Egypt,EGY,Access to electricity (% of population),EG.ELC.ACCS.ZS,2005,99.4
Ethiopia,ETH,Access to electricity (% of population),EG.ELC.ACCS.ZS,2005,14.0
Ghana,GHA,Access to electricity (% of population),EG.ELC.ACCS.ZS,2005,41.2
Kenya,KEN,Access to electricity (% of population),EG.ELC.ACCS.ZS,2005,24.5
Morocco,MAR,Access to electricity (% of population),EG.ELC.ACCS.ZS,2005,78.6
Nigeria,NGA,Access to electricity (% of population),EG.ELC.ACCS.ZS,2005,46.8
Rwanda,RWA,Access to electricity (% of population),EG.ELC.ACCS.ZS,2005,4.8
Tanzania,TZA,Access to electricity (% of population),EG.ELC.ACCS.ZS,2005,13.8
Uganda,UGA,Access to electricity (% of population),EG.ELC.ACCS.ZS,2005,8.9
South Africa,ZAF,Access to electricity (% of population),EG.ELC.ACCS.ZS,2005,80.8
Egypt,EGY,Access to electricity (% of population),EG.ELC.ACCS.ZS,2006,99.0
Ethiopia,ETH,Access to electricity (% of population),EG.ELC.ACCS.ZS,2006,18.6
Ghana,GHA,Access to electricity (% of population),EG.ELC.ACCS.ZS,2006,55.1
Kenya,KEN,Access to electricity (% of population),EG.ELC.ACCS.ZS,2006,26.4
Morocco,MAR,Access to electricity (% of population),EG.ELC.ACCS.ZS,2006,96.5
Nigeria,NGA,Access to electricity (% of population),EG.ELC.ACCS.ZS,2006,47.6
Rwanda,RWA,Access to electricity (% of population),EG.ELC.ACCS.ZS,2006,11.4
Tanzania,TZA,Access to electricity (% of population),EG.ELC.ACCS.ZS,2006,14.9
Uganda,UGA,Access to electricity (% of population),EG.ELC.ACCS.ZS,2006,9.0
South Africa,ZAF,Access to electricity (% of population),EG.ELC.ACCS.ZS,2006,80.7
Egypt,EGY,Access to electricity (% of population),EG.ELC.ACCS.ZS,2007,98.4
Ethiopia,ETH,Access to electricity (% of population),EG.ELC.ACCS.ZS,2007,20.3
Ghana,GHA,Access to electricity (% of population),EG.ELC.ACCS.ZS,2007,56.9
Kenya,KEN,Access to electricity (% of population),EG.ELC.ACCS.ZS,2007,28.3
Morocco,MAR,Access to electricity (% of population),EG.ELC.ACCS.ZS,2007,82.2
Nigeria,NGA,Access to electricity (% of population),EG.ELC.ACCS.ZS,2007,50.1
Rwanda,RWA,Access to electricity (% of population),EG.ELC.ACCS.ZS,2007,12.8
Tanzania,TZA,Access to electricity (% of population),EG.ELC.ACCS.ZS,2007,15.9
Uganda,UGA,Access to electricity (% of population),EG.ELC.ACCS.ZS,2007,14.8
South Africa,ZAF,Access to electricity (% of population),EG.ELC.ACCS.ZS,2007,82.0
Egypt,EGY,Access to electricity (% of population),EG.ELC.ACCS.ZS,2008,99.8
Ethiopia,ETH,Access to electricity (% of population),EG.ELC.ACCS.ZS,2008,22.0
Ghana,GHA,Access to electricity (% of population),EG.ELC.ACCS.ZS,2008,60.5
Kenya,KEN,Access to electricity (% of population),EG.ELC.ACCS.ZS,2008,30.3
Morocco,MAR,Access to electricity (% of population),EG.ELC.ACCS.ZS,2008,84.1
Nigeria,NGA,Access to electricity (% of population),EG.ELC.ACCS.ZS,2008,50.3
Rwanda,RWA,Access to electricity (% of population),EG.ELC.ACCS.ZS,2008,6.0
Tanzania,TZA,Access to electricity (% of population),EG.ELC.ACCS.ZS,2008,11.5
Uganda,UGA,Access to electricity (% of population),EG.ELC.ACCS.ZS,2008,15.9
South Africa,ZAF,Access to electricity (% of population),EG.ELC.ACCS.ZS,2008,81.9
Egypt,EGY,Access to electricity (% of population),EG.ELC.ACCS.ZS,2009,98.9
Ethiopia,ETH,Access to electricity (% of population),EG.ELC.ACCS.ZS,2009,23.7
Ghana,GHA,Access to electricity (% of population),EG.ELC.ACCS.ZS,2009,61.1
Kenya,KEN,Access to electricity (% of population),EG.ELC.ACCS.ZS,2009,23.0
Morocco,MAR,Access to electricity (% of population),EG.ELC.ACCS.ZS,2009,85.9
Nigeria,NGA,Access to electricity (% of population),EG.ELC.ACCS.ZS,2009,50.0
Rwanda,RWA,Access to electricity (% of population),EG.ELC.ACCS.ZS,2009,15.6
Tanzania,TZA,Access to electricity (% of population),EG.ELC.ACCS.ZS,2009,11.2
Uganda,UGA,Access to electricity (% of population),EG.ELC.ACCS.ZS,2009,10.0
South Africa,ZAF,Access to electricity (% of population),EG.ELC.ACCS.ZS,2009,82.6
Egypt,EGY,Access to electricity (% of population),EG.ELC.ACCS.ZS,2010,99.4
Ethiopia,ETH,Access to electricity (% of population),EG.ELC.ACCS.ZS,2010,25.5
Ghana,GHA,Access to electricity (% of population),EG.ELC.ACCS.ZS,2010,64.2
Kenya,KEN,Access to electricity (% of population),EG.ELC.ACCS.ZS,2010,19.2
Morocco,MAR,Access to electricity (% of population),EG.ELC.ACCS.ZS,2010,95.7
Nigeria,NGA,Access to electricity (% of population),EG.ELC.ACCS.ZS,2010,48.0
Rwanda,RWA,Access to electricity (% of population),EG.ELC.ACCS.ZS,2010,9.7
Tanzania,TZA,Access to electricity (% of population),EG.ELC.ACCS.ZS,2010,14.8
Uganda,UGA,Access to electricity (% of population),EG.ELC.ACCS.ZS,2010,12.1
South Africa,ZAF,Access to electricity (% of population),EG.ELC.ACCS.ZS,2010,82.8
Egypt,EGY,Access to electricity (% of population),EG.ELC.ACCS.ZS,2011,99.4
Ethiopia,ETH,Access to electricity (% of population),EG.ELC.ACCS.ZS,2011,23.0
Ghana,GHA,Access to electricity (% of population),EG.ELC.ACCS.ZS,2011,64.1
Kenya,KEN,Access to electricity (% of population),EG.ELC.ACCS.ZS,2011,36.2
Morocco,MAR,Access to electricity (% of population),EG.ELC.ACCS.ZS,2011,96.1
Nigeria,NGA,Access to electricity (% of population),EG.ELC.ACCS.ZS,2011,55.9
Rwanda,RWA,Access to electricity (% of population),EG.ELC.ACCS.ZS,2011,10.8
Tanzania,TZA,Access to electricity (% of population),EG.ELC.ACCS.ZS,2011,14.2
Uganda,UGA,Access to electricity (% of population),EG.ELC.ACCS.ZS,2011,14.6
South Africa,ZAF,Access to electricity (% of population),EG.ELC.ACCS.ZS,2011,83.6
Egypt,EGY,Access to electricity (% of population),EG.ELC.ACCS.ZS,2012,99.7
Ethiopia,ETH,Access to electricity (% of population),EG.ELC.ACCS.ZS,2012,29.0
Ghana,GHA,Access to electricity (% of population),EG.ELC.ACCS.ZS,2012,56.5
Kenya,KEN,Access to electricity (% of population),EG.ELC.ACCS.ZS,2012,38.1
Morocco,MAR,Access to electricity (% of population),EG.ELC.ACCS.ZS,2012,96.4
Nigeria,NGA,Access to electricity (% of population),EG.ELC.ACCS.ZS,2012,53.0
Rwanda,RWA,Access to electricity (% of population),EG.ELC.ACCS.ZS,2012,17.5
Tanzania,TZA,Access to electricity (% of population),EG.ELC.ACCS.ZS,2012,15.3
Uganda,UGA,Access to electricity (% of population),EG.ELC.ACCS.ZS,2012,20.5
South Africa,ZAF,Access to electricity (% of population),EG.ELC.ACCS.ZS,2012,85.2
Egypt,EGY,Access to electricity (% of population),EG.ELC.ACCS.ZS,2013,99.9
Ethiopia,ETH,Access to electricity (% of population),EG.ELC.ACCS.ZS,2013,30.8
Ghana,GHA,Access to electricity (% of population),EG.ELC.ACCS.ZS,2013,70.7
Kenya,KEN,Access to electricity (% of population),EG.ELC.ACCS.ZS,2013,40.1
Morocco,MAR,Access to electricity (% of population),EG.ELC.ACCS.ZS,2013,97.2
Nigeria,NGA,Access to electricity (% of population),EG.ELC.ACCS.ZS,2013,55.6
Rwanda,RWA,Access to electricity (% of population),EG.ELC.ACCS.ZS,2013,15.2
Tanzania,TZA,Access to electricity (% of population),EG.ELC.ACCS.ZS,2013,16.4
Uganda,UGA,Access to electricity (% of population),EG.ELC.ACCS.ZS,2013,13.9
South Africa,ZAF,Access to electricity (% of population),EG.ELC.ACCS.ZS,2013,85.2
Egypt,EGY,Access to electricity (% of population),EG.ELC.ACCS.ZS,2014,99.8
Ethiopia,ETH,Access to electricity (% of population),EG.ELC.ACCS.ZS,2014,27.2
Ghana,GHA,Access to electricity (% of population),EG.ELC.ACCS.ZS,2014,78.3
Kenya,KEN,Access to electricity (% of population),EG.ELC.ACCS.ZS,2014,36.0
Morocco,MAR,Access to electricity (% of population),EG.ELC.ACCS.ZS,2014,97.3
Nigeria,NGA,Access to electricity (% of population),EG.ELC.ACCS.ZS,2014,54.2
Rwanda,RWA,Access to electricity (% of population),EG.ELC.ACCS.ZS,2014,19.8
Tanzania,TZA,Access to electricity (% of population),EG.ELC.ACCS.ZS,2014,23.5
Uganda,UGA,Access to electricity (% of population),EG.ELC.ACCS.ZS,2014,20.4
South Africa,ZAF,Access to electricity (% of population),EG.ELC.ACCS.ZS,2014,85.9
Egypt,EGY,Access to electricity (% of population),EG.ELC.ACCS.ZS,2015,99.3
Ethiopia,ETH,Access to electricity (% of population),EG.ELC.ACCS.ZS,2015,29.0
Ghana,GHA,Access to electricity (% of population),EG.ELC.ACCS.ZS,2015,74.0
Kenya,KEN,Access to electricity (% of population),EG.ELC.ACCS.ZS,2015,41.6
Morocco,MAR,Access to electricity (% of population),EG.ELC.ACCS.ZS,2015,97.3
Nigeria,NGA,Access to electricity (% of population),EG.ELC.ACCS.ZS,2015,52.5
Rwanda,RWA,Access to electricity (% of population),EG.ELC.ACCS.ZS,2015,22.8
Tanzania,TZA,Access to electricity (% of population),EG.ELC.ACCS.ZS,2015,26.2
Uganda,UGA,Access to electricity (% of population),EG.ELC.ACCS.ZS,2015,18.5
South Africa,ZAF,Access to electricity (% of population),EG.ELC.ACCS.ZS,2015,85.3
Egypt,EGY,Access to electricity (% of population),EG.ELC.ACCS.ZS,2016,100.0
Ethiopia,ETH,Access to electricity (% of population),EG.ELC.ACCS.ZS,2016,42.9
Ghana,GHA,Access to electricity (% of population),EG.ELC.ACCS.ZS,2016,79.3
Kenya,KEN,Access to electricity (% of population),EG.ELC.ACCS.ZS,2016,53.1
Morocco,MAR,Access to electricity (% of population),EG.ELC.ACCS.ZS,2016,97.8
Nigeria,NGA,Access to electricity (% of population),EG.ELC.ACCS.ZS,2016,59.3
Rwanda,RWA,Access to electricity (% of population),EG.ELC.ACCS.ZS,2016,29.4
Tanzania,TZA,Access to electricity (% of population),EG.ELC.ACCS.ZS,2016,32.8
Uganda,UGA,Access to electricity (% of population),EG.ELC.ACCS.ZS,2016,26.7
South Africa,ZAF,Access to electricity (% of population),EG.ELC.ACCS.ZS,2016,83.9
Egypt,EGY,Access to electricity (% of population),EG.ELC.ACCS.ZS,2017,100.0
Ethiopia,ETH,Access to electricity (% of population),EG.ELC.ACCS.ZS,2017,44.3
Ghana,GHA,Access to electricity (% of population),EG.ELC.ACCS.ZS,2017,79.0
Kenya,KEN,Access to electricity (% of population),EG.ELC.ACCS.ZS,2017,55.8
Morocco,MAR,Access to electricity (% of population),EG.ELC.ACCS.ZS,2017,100.0
Nigeria,NGA,Access to electricity (% of population),EG.ELC.ACCS.ZS,2017,54.4
Rwanda,RWA,Access to electricity (% of population),EG.ELC.ACCS.ZS,2017,34.1
Tanzania,TZA,Access to electricity (% of population),EG.ELC.ACCS.ZS,2017,32.1
Uganda,UGA,Access to electricity (% of population),EG.ELC.ACCS.ZS,2017,32.4
South Africa,ZAF,Access to electricity (% of population),EG.ELC.ACCS.ZS,2017,84.4
Egypt,EGY,Access to electricity (% of population),EG.ELC.ACCS.ZS,2018,100.0
Ethiopia,ETH,Access to electricity (% of population),EG.ELC.ACCS.ZS,2018,44.8
Ghana,GHA,Access to electricity (% of population),EG.ELC.ACCS.ZS,2018,80.4
Kenya,KEN,Access to electricity (% of population),EG.ELC.ACCS.ZS,2018,61.2
Morocco,MAR,Access to electricity (% of population),EG.ELC.ACCS.ZS,2018,98.1
Nigeria,NGA,Access to electricity (% of population),EG.ELC.ACCS.ZS,2018,56.5
Rwanda,RWA,Access to electricity (% of population),EG.ELC.ACCS.ZS,2018,38.0
Tanzania,TZA,Access to electricity (% of population),EG.ELC.ACCS.ZS,2018,34.9
Uganda,UGA,Access to electricity (% of population),EG.ELC.ACCS.ZS,2018,41.9
South Africa,ZAF,Access to electricity (% of population),EG.ELC.ACCS.ZS,2018,84.7
Egypt,EGY,Access to electricity (% of population),EG.ELC.ACCS.ZS,2019,100.0
Ethiopia,ETH,Access to electricity (% of population),EG.ELC.ACCS.ZS,2019,48.0
Ghana,GHA,Access to electricity (% of population),EG.ELC.ACCS.ZS,2019,83.5
Kenya,KEN,Access to electricity (% of population),EG.ELC.ACCS.ZS,2019,69.7
Morocco,MAR,Access to electricity (% of population),EG.ELC.ACCS.ZS,2019,99.6
Nigeria,NGA,Access to electricity (% of population),EG.ELC.ACCS.ZS,2019,55.4
Rwanda,RWA,Access to electricity (% of population),EG.ELC.ACCS.ZS,2019,46.6
Tanzania,TZA,Access to electricity (% of population),EG.ELC.ACCS.ZS,2019,37.7
Uganda,UGA,Access to electricity (% of population),EG.ELC.ACCS.ZS,2019,41.3
South Africa,ZAF,Access to electricity (% of population),EG.ELC.ACCS.ZS,2019,85.0
Egypt,EGY,Access to electricity (% of population),EG.ELC.ACCS.ZS,2020,100.0
Ethiopia,ETH,Access to electricity (% of population),EG.ELC.ACCS.ZS,2020,51.1
Ghana,GHA,Access to electricity (% of population),EG.ELC.ACCS.ZS,2020,85.4
Kenya,KEN,Access to electricity (% of population),EG.ELC.ACCS.ZS,2020,71.5
Morocco,MAR,Access to electricity (% of population),EG.ELC.ACCS.ZS,2020,100.0
Nigeria,NGA,Access to electricity (% of population),EG.ELC.ACCS.ZS,2020,55.4
Rwanda,RWA,Access to electricity (% of population),EG.ELC.ACCS.ZS,2020,45.2
Tanzania,TZA,Access to electricity (% of population),EG.ELC.ACCS.ZS,2020,39.9
Uganda,UGA,Access to electricity (% of population),EG.ELC.ACCS.ZS,2020,42.1
South Africa,ZAF,Access to electricity (% of population),EG.ELC.ACCS.ZS,2020,90.0
Egypt,EGY,Access to electricity (% of population),EG.ELC.ACCS.ZS,2021,100.0
Ethiopia,ETH,Access to electricity (% of population),EG.ELC.ACCS.ZS,2021,54.2
Ghana,GHA,Access to electricity (% of population),EG.ELC.ACCS.ZS,2021,86.3
Kenya,KEN,Access to electricity (% of population),EG.ELC.ACCS.ZS,2021,76.5
Morocco,MAR,Access to electricity (% of population),EG.ELC.ACCS.ZS,2021,100.0
Nigeria,NGA,Access to electricity (% of population),EG.ELC.ACCS.ZS,2021,59.5
Rwanda,RWA,Access to electricity (% of population),EG.ELC.ACCS.ZS,2021,48.7
Tanzania,TZA,Access to electricity (% of population),EG.ELC.ACCS.ZS,2021,42.7
Uganda,UGA,Access to electricity (% of population),EG.ELC.ACCS.ZS,2021,45.2
South Africa,ZAF,Access to electricity (% of population),EG.ELC.ACCS.ZS,2021,89.3
Egypt,EGY,Access to electricity (% of population),EG.ELC.ACCS.ZS,2022,100.0
Ethiopia,ETH,Access to electricity (% of population),EG.ELC.ACCS.ZS,2022,55.0
Ghana,GHA,Access to electricity (% of population),EG.ELC.ACCS.ZS,2022,85.1
Kenya,KEN,Access to electricity (% of population),EG.ELC.ACCS.ZS,2022,76.0
Morocco,MAR,Access to electricity (% of population),EG.ELC.ACCS.ZS,2022,100.0
Nigeria,NGA,Access to electricity (% of population),EG.ELC.ACCS.ZS,2022,60.5
Rwanda,RWA,Access to electricity (% of population),EG.ELC.ACCS.ZS,2022,50.6
Tanzania,TZA,Access to electricity (% of population),EG.ELC.ACCS.ZS,2022,45.8
Uganda,UGA,Access to electricity (% of population),EG.ELC.ACCS.ZS,2022,47.1
South Africa,ZAF,Access to electricity (% of population),EG.ELC.ACCS.ZS,2022,86.5
Egypt,EGY,Access to electricity (% of population),EG.ELC.ACCS.ZS,2023,100.0
Ethiopia,ETH,Access to electricity (% of population),EG.ELC.ACCS.ZS,2023,55.4
Ghana,GHA,Access to electricity (% of population),EG.ELC.ACCS.ZS,2023,89.5
Kenya,KEN,Access to electricity (% of population),EG.ELC.ACCS.ZS,2023,76.2
Morocco,MAR,Access to electricity (% of population),EG.ELC.ACCS.ZS,2023,100.0
Nigeria,NGA,Access to electricity (% of population),EG.ELC.ACCS.ZS,2023,61.2
Rwanda,RWA,Access to electricity (% of population),EG.ELC.ACCS.ZS,2023,63.9
Tanzania,TZA,Access to electricity (% of population),EG.ELC.ACCS.ZS,2023,48.3
Uganda,UGA,Access to electricity (% of population),EG.ELC.ACCS.ZS,2023,51.5
South Africa,ZAF,Access to electricity (% of population),EG.ELC.ACCS.ZS,2023,87.7
Egypt,EGY,Access to electricity (% of population),EG.ELC.ACCS.ZS,2024,100.0
Ethiopia,ETH,Access to electricity (% of population),EG.ELC.ACCS.ZS,2024,56.6
Ghana,GHA,Access to electricity (% of population),EG.ELC.ACCS.ZS,2024,91.9
Kenya,KEN,Access to electricity (% of population),EG.ELC.ACCS.ZS,2024,77.0
Morocco,MAR,Access to electricity (% of population),EG.ELC.ACCS.ZS,2024,100.0
Nigeria,NGA,Access to electricity (% of population),EG.ELC.ACCS.ZS,2024,62.5
Rwanda,RWA,Access to electricity (% of population),EG.ELC.ACCS.ZS,2024,72.0
Tanzania,TZA,Access to electricity (% of population),EG.ELC.ACCS.ZS,2024,52.4
Uganda,UGA,Access to electricity (% of population),EG.ELC.ACCS.ZS,2024,55.3
South Africa,ZAF,Access to electricity (% of population),EG.ELC.ACCS.ZS,2024,90.2
